{"rollout/restore": 0, "_timestamp": 1723515262.497119, "relocate_viz_view": {"_type": "video-file", "sha256": "fedf7e4ac3a9938b76c42d7fb8c69f44b2dd9742d4d6174e3d0dceb3c20e1c54", "size": 5676, "path": "media/videos/relocate_viz_view_201_fedf7e4ac3a9938b76c4.mp4", "width": 640, "height": 480, "caption": "Reward: 2.91"}, "_runtime": 9520.30851483345, "_step": 242, "_wandb": {"runtime": 9537}}