{"_wandb": {"runtime": 248}, "rollout/restore": 0, "_timestamp": 1723499102.9221745, "relocate_viz_view": {"_type": "video-file", "sha256": "ca77e98b8c9ef55dbc42a7e793103654e41e8774f2bf54f339b2654ebe9db9b0", "size": 5527, "path": "media/videos/relocate_viz_view_1_ca77e98b8c9ef55dbc42.mp4", "width": 640, "height": 480, "caption": "Reward: 2.38"}, "_runtime": 146.14781141281128, "_step": 1}