{"rollout/restore": 0, "_timestamp": 1723747790.7737079, "record_view": {"_type": "video-file", "sha256": "3d929b223d00a872c82886245d93df584e34774db7a0713661fbc08718499345", "size": 154198, "path": "media/videos/record_view_1_3d929b223d00a872c828.mp4", "width": 1920, "height": 1080, "caption": "Reward: 1.64"}, "_runtime": 109.68241691589355, "_step": 2, "_wandb": {"runtime": 139}}