{"rollout/restore": 0, "_timestamp": 1723520947.763879, "relocate_viz_view": {"_type": "video-file", "sha256": "636a4dd9fb59883568e19a775033ade9ca55606f0bc0eaa804616a62077d3caa", "size": 5954, "path": "media/videos/relocate_viz_view_201_636a4dd9fb59883568e1.mp4", "width": 640, "height": 480, "caption": "Reward: 2.43"}, "_runtime": 5574.1395699977875, "_step": 220, "_wandb": {"runtime": 5584}}