{"rollout/restore": 0, "_timestamp": 1723501501.8746119, "relocate_viz_view": {"_type": "video-file", "sha256": "c242b323ffbdd3b4d2952948bac3e0382e3194f17586fff5d4e43af90eb673aa", "size": 4369, "path": "media/videos/relocate_viz_view_1_c242b323ffbdd3b4d295.mp4", "width": 640, "height": 480, "caption": "Reward: 2.38"}, "_runtime": 2281.4612758159637, "_step": 16, "_wandb": {"runtime": 2293}}