{"rollout/restore": 0, "_timestamp": 1723766317.1839843, "record_view": {"_type": "video-file", "sha256": "bcd96a415f9ad04d045b39de15d09305b8521726e512f27dd58adfc89dbc6e00", "size": 519937, "path": "media/videos/record_view_301_bcd96a415f9ad04d045b.mp4", "width": 1920, "height": 1080, "caption": "Reward: 2.08"}, "_runtime": 18482.88068318367, "_step": 354, "_wandb": {"runtime": 18492}}