{"rollout/restore": 0, "_timestamp": 1723232733.7572792, "relocate_viz_view": {"_type": "video-file", "sha256": "98deb4d5dec0bd4d8165bd57d11595460a0b1945fb5720bde1771e7ca563950b", "size": 45494, "path": "media/videos/relocate_viz_view_201_98deb4d5dec0bd4d8165.mp4", "width": 640, "height": 480, "caption": "Reward: 100.00"}, "_runtime": 29.74419116973877, "_step": 252, "_wandb": {"runtime": 29}}